{"pos": [{"x": -53.108819003211636, "y": 81.4430146644425, "z": 299.68208859210444}], "rot": [{"angle": 0.013635517939260204}]}