{"position":{"x":-0.6056169867515564,"y":3.417593479156494,"z":1.2838177680969239},"rotation":{"x":-0.03411087021231651,"y":-0.6291571259498596,"z":0.028658756986260415,"w":-0.7760003209114075}}/{"position":{"x":-0.6657541990280151,"y":3.4230856895446779,"z":1.2711055278778077},"rotation":{"x":-0.03411087021231651,"y":-0.6291571259498596,"z":0.028658756986260415,"w":-0.7760003209114075}}/{"position":{"x":-0.9222023487091065,"y":3.446507453918457,"z":1.2168958187103272},"rotation":{"x":-0.03411087021231651,"y":-0.6291571259498596,"z":0.028658756986260415,"w":-0.7760003209114075}}/{"position":{"x":-1.4508109092712403,"y":3.494785785675049,"z":1.1051548719406129},"rotation":{"x":-0.03411087021231651,"y":-0.6291571259498596,"z":0.028658756986260415,"w":-0.7760003209114075}}/{"position":{"x":0.11654458940029144,"y":3.4821557998657228,"z":2.4257826805114748},"rotation":{"x":-0.0072140623815357689,"y":0.9337055683135986,"z":-0.018718751147389413,"w":-0.35747936367988589}}/{"position":{"x":0.251080185174942,"y":3.4902431964874269,"z":2.5757267475128176},"rotation":{"x":-0.0072140623815357689,"y":0.9337055683135986,"z":-0.018718751147389413,"w":-0.35747936367988589}}/{"position":{"x":0.47508081793785097,"y":3.503708839416504,"z":2.8253822326660158},"rotation":{"x":-0.0072140623815357689,"y":0.9337055683135986,"z":-0.018718751147389413,"w":-0.35747936367988589}}/{"position":{"x":-0.9402310848236084,"y":3.739825487136841,"z":-0.04415915906429291},"rotation":{"x":0.0320691280066967,"y":0.7026177644729614,"z":-0.030788466334342958,"w":0.7101774215698242}}/{"position":{"x":-1.1859558820724488,"y":3.761737108230591,"z":-0.046774253249168399},"rotation":{"x":0.0320691280066967,"y":0.7026177644729614,"z":-0.030788466334342958,"w":0.7101774215698242}}/{"position":{"x":-1.7410452365875245,"y":3.8112356662750246,"z":-0.05268171802163124},"rotation":{"x":0.0320691280066967,"y":0.7026177644729614,"z":-0.030788466334342958,"w":0.7101774215698242}}/{"position":{"x":0.07628220319747925,"y":3.6795308589935304,"z":-0.07327255606651306},"rotation":{"x":-0.020112844184041024,"y":-0.6951090693473816,"z":-0.019462525844573976,"w":0.7183592915534973}}/{"position":{"x":0.4449344277381897,"y":3.6588597297668459,"z":-0.08540397882461548},"rotation":{"x":-0.020112844184041024,"y":-0.6951090693473816,"z":-0.019462525844573976,"w":0.7183592915534973}}/{"position":{"x":0.9056355357170105,"y":3.6330275535583498,"z":-0.10056450963020325},"rotation":{"x":-0.020112844184041024,"y":-0.6951090693473816,"z":-0.019462525844573976,"w":0.7183592915534973}}/{"position":{"x":-0.242853581905365,"y":3.7002391815185549,"z":-1.0311013460159302},"rotation":{"x":-0.01002595853060484,"y":-0.5274400115013123,"z":-0.006222415715456009,"w":0.8495103716850281}}/{"position":{"x":-0.01915031671524048,"y":3.694347620010376,"z":-1.141806960105896},"rotation":{"x":-0.01002595853060484,"y":-0.5274400115013123,"z":-0.006222415715456009,"w":0.8495103716850281}}/{"position":{"x":0.2772681713104248,"y":3.6865408420562746,"z":-1.2884976863861085},"rotation":{"x":-0.01002595853060484,"y":-0.5274400115013123,"z":-0.006222415715456009,"w":0.8495103716850281}}/{"position":{"x":-1.0336475372314454,"y":3.6800827980041506,"z":-0.44393569231033327},"rotation":{"x":0.006492455489933491,"y":0.871291995048523,"z":-0.011036395095288754,"w":0.49059799313545229}}/{"position":{"x":-1.2714604139328004,"y":3.6872060298919679,"z":-0.2997108995914459},"rotation":{"x":0.006492455489933491,"y":0.871291995048523,"z":-0.011036395095288754,"w":0.49059799313545229}}/{"position":{"x":-1.579123616218567,"y":3.6964211463928224,"z":-0.11312443017959595},"rotation":{"x":0.006492455489933491,"y":0.871291995048523,"z":-0.011036395095288754,"w":0.49059799313545229}}/{"position":{"x":-0.4389897882938385,"y":3.2678279876708986,"z":-1.782111644744873},"rotation":{"x":-0.038460079580545428,"y":-0.9042794704437256,"z":-0.08347024023532868,"w":0.41693195700645449}}/{"position":{"x":-0.29170671105384829,"y":3.2317705154418947,"z":-1.6563459634780884},"rotation":{"x":-0.038460079580545428,"y":-0.9042794704437256,"z":-0.08347024023532868,"w":0.41693195700645449}}/{"position":{"x":-0.021398842334747316,"y":3.1655945777893068,"z":-1.4255290031433106},"rotation":{"x":-0.038460079580545428,"y":-0.9042794704437256,"z":-0.08347024023532868,"w":0.41693195700645449}}/{"position":{"x":-1.0864059925079346,"y":3.3615071773529054,"z":-2.3936736583709719},"rotation":{"x":-0.0047156899236142639,"y":-0.4460774064064026,"z":0.0024560613092035057,"w":-0.8949785828590393}}/{"position":{"x":-1.2241747379302979,"y":3.363341808319092,"z":-2.4975452423095705},"rotation":{"x":-0.0047156899236142639,"y":-0.4460774064064026,"z":0.0024560613092035057,"w":-0.8949785828590393}}/{"position":{"x":-1.6646920442581177,"y":3.3692076206207277,"z":-2.8296756744384767},"rotation":{"x":-0.0047156899236142639,"y":-0.4460774064064026,"z":0.0024560613092035057,"w":-0.8949785828590393}}/{"position":{"x":-1.2727200984954835,"y":3.4913227558135988,"z":-2.866828441619873},"rotation":{"x":0.012375670485198498,"y":0.7018207907676697,"z":-0.012197891250252724,"w":0.7121416330337524}}/{"position":{"x":-1.5674997568130494,"y":3.501573085784912,"z":-2.8711318969726564},"rotation":{"x":0.012375670485198498,"y":0.7018207907676697,"z":-0.012197891250252724,"w":0.7121416330337524}}/{"position":{"x":-1.937268614768982,"y":3.5144309997558595,"z":-2.876530408859253},"rotation":{"x":0.012375670485198498,"y":0.7018207907676697,"z":-0.012197891250252724,"w":0.7121416330337524}}/{"position":{"x":-0.3865146338939667,"y":3.4798922538757326,"z":-2.927866220474243},"rotation":{"x":-0.05609738826751709,"y":0.7066594958305359,"z":-0.05637012794613838,"w":-0.703070342540741}}/{"position":{"x":-0.12452042102813721,"y":3.5219640731811525,"z":-2.9265315532684328},"rotation":{"x":-0.05609738826751709,"y":0.7066594958305359,"z":-0.05637012794613838,"w":-0.703070342540741}}/{"position":{"x":0.19346633553504945,"y":3.5730273723602297,"z":-2.9249119758605959},"rotation":{"x":-0.05609738826751709,"y":0.7066594958305359,"z":-0.05637012794613838,"w":-0.703070342540741}}/