{"position":{"x":-1.2460607290267945,"y":2.1016759872436525,"z":-0.12475588917732239},"rotation":{"x":0.18191967904567719,"y":0.7887712121009827,"z":-0.2767407298088074,"w":0.5178415775299072}}/{"position":{"x":-1.4774301052093506,"y":2.083059310913086,"z":-0.4348163604736328},"rotation":{"x":-0.1968912035226822,"y":-0.6409296989440918,"z":0.17536552250385285,"w":-0.7208952307701111}}/{"position":{"x":-0.7634323835372925,"y":2.970494031906128,"z":-1.8305673599243165},"rotation":{"x":-0.21073439717292787,"y":-0.3243144154548645,"z":0.07600703090429306,"w":-0.919039785861969}}/{"position":{"x":0.36753371357917788,"y":3.0552377700805666,"z":-1.8083441257476807},"rotation":{"x":-0.2218240201473236,"y":0.3918565809726715,"z":-0.09799209982156754,"w":-0.8874909281730652}}/{"position":{"x":0.2966911494731903,"y":2.9034669399261476,"z":-1.3284980058670045},"rotation":{"x":-0.18718305230140687,"y":0.6204530000686646,"z":-0.15598741173744203,"w":-0.7454317808151245}}/{"position":{"x":-0.10851341485977173,"y":4.1218976974487309,"z":-1.8794718980789185},"rotation":{"x":-0.18718305230140687,"y":0.6204530000686646,"z":-0.15598741173744203,"w":-0.7454317808151245}}/{"position":{"x":-0.1919000744819641,"y":4.172636985778809,"z":-2.434095859527588},"rotation":{"x":-0.2095949649810791,"y":0.31590309739112856,"z":-0.07327400892972946,"w":-0.9224457740783691}}/{"position":{"x":-0.8571998476982117,"y":4.290896415710449,"z":-2.452592134475708},"rotation":{"x":-0.2373131513595581,"y":-0.12447500973939896,"z":0.0315660759806633,"w":-0.962908148765564}}/{"position":{"x":-1.3977422714233399,"y":4.233924865722656,"z":-1.9424195289611817},"rotation":{"x":-0.20825311541557313,"y":-0.5831456184387207,"z":0.15855710208415986,"w":-0.769045889377594}}/{"position":{"x":-1.3966937065124512,"y":4.106967926025391,"z":-1.3384661674499512},"rotation":{"x":0.09810777753591538,"y":0.8367622494697571,"z":-0.15958361327648164,"w":0.5145259499549866}}/{"position":{"x":-1.1366775035858155,"y":4.110198974609375,"z":-0.5042834281921387},"rotation":{"x":-0.09114053845405579,"y":-0.7878807187080383,"z":0.1205940917134285,"w":-0.5969879031181336}}/{"position":{"x":-1.1838892698287964,"y":4.091177940368652,"z":-0.9569535255432129},"rotation":{"x":-0.09990546852350235,"y":-0.7041404247283936,"z":0.10132662206888199,"w":-0.6956566572189331}}/{"position":{"x":-1.4177840948104859,"y":4.139183044433594,"z":0.007562577724456787},"rotation":{"x":0.06544244289398194,"y":0.8862347602844238,"z":-0.13203267753124238,"w":0.4391727149486542}}/{"position":{"x":0.21069936454296113,"y":4.106247901916504,"z":-0.3475947380065918},"rotation":{"x":-0.08358181267976761,"y":0.8002270460128784,"z":-0.11488428711891175,"w":-0.5826253890991211}}/{"position":{"x":0.25156474113464358,"y":4.423327922821045,"z":-1.0879640579223633},"rotation":{"x":0.18627528846263886,"y":-0.5207639336585999,"z":0.11754035949707031,"w":0.8247973918914795}}/{"position":{"x":0.07225638628005982,"y":4.240424633026123,"z":-1.6462936401367188},"rotation":{"x":-0.15910515189170838,"y":0.3830827474594116,"z":-0.0689820945262909,"w":-0.9072896838188171}}/{"position":{"x":0.26135820150375368,"y":3.982609987258911,"z":0.3410188555717468},"rotation":{"x":0.23108939826488496,"y":-0.3328099548816681,"z":0.08244336396455765,"w":0.9105154275894165}}/{"position":{"x":0.44844406843185427,"y":3.7308263778686525,"z":0.5837404727935791},"rotation":{"x":0.11579658836126328,"y":-0.6293192505836487,"z":0.09356518089771271,"w":0.7627542614936829}}/{"position":{"x":0.27983590960502627,"y":3.8050737380981447,"z":1.0462363958358765},"rotation":{"x":-0.08504537492990494,"y":0.8211637735366821,"z":-0.1277868151664734,"w":-0.5496616363525391}}/{"position":{"x":-0.8763182163238525,"y":3.8673338890075685,"z":1.156072974205017},"rotation":{"x":0.0623849481344223,"y":0.9215607047080994,"z":-0.16676145792007447,"w":0.3449994921684265}}/{"position":{"x":-1.146506905555725,"y":3.6910316944122316,"z":0.820339560508728},"rotation":{"x":-0.1018255352973938,"y":-0.7322396636009216,"z":0.11431019753217697,"w":-0.663618803024292}}/{"position":{"x":-1.0603383779525757,"y":3.6766412258148195,"z":0.386773020029068},"rotation":{"x":-0.11735228449106217,"y":-0.5599004030227661,"z":0.08090086281299591,"w":-0.8162077069282532}}/{"position":{"x":-1.3730031251907349,"y":4.074346542358398,"z":0.5737857222557068},"rotation":{"x":-0.189415842294693,"y":-0.6062334775924683,"z":0.15371815860271455,"w":-0.7569499611854553}}/