{"position":{"x":-28.375219345092775,"y":5.657923221588135,"z":6.856101989746094},"rotation":{"x":0.7035400867462158,"y":0.07093188911676407,"z":-0.07093188911676407,"w":0.7035400867462158}}/{"position":{"x":-28.375097274780275,"y":5.657922744750977,"z":6.8546929359436039},"rotation":{"x":-0.7026775479316711,"y":0.07902088016271591,"z":-0.07902088016271591,"w":-0.7026775479316711}}/{"position":{"x":-28.375198364257814,"y":5.657922744750977,"z":6.856101989746094},"rotation":{"x":-0.6621769070625305,"y":0.24803587794303895,"z":-0.24803587794303895,"w":-0.6621769070625305}}/{"position":{"x":-28.375211715698243,"y":5.657923221588135,"z":6.856141567230225},"rotation":{"x":-0.5469250679016113,"y":0.44818851351737978,"z":-0.44818851351737978,"w":-0.5469250679016113}}/{"position":{"x":-28.375211715698243,"y":6.0966901779174809,"z":6.856141567230225},"rotation":{"x":-0.4880371689796448,"y":0.5116832852363586,"z":-0.5116832852363586,"w":-0.4880371689796448}}/{"position":{"x":-28.375211715698243,"y":6.096808433532715,"z":6.856142044067383},"rotation":{"x":-0.40375036001205447,"y":0.5805047154426575,"z":-0.5805047154426575,"w":-0.40375036001205447}}/{"position":{"x":-28.375211715698243,"y":6.096809387207031,"z":6.856141567230225},"rotation":{"x":-0.29601576924324038,"y":0.6421640515327454,"z":-0.6421640515327454,"w":-0.29601576924324038}}/{"position":{"x":-28.375211715698243,"y":6.0968098640441898,"z":6.856142044067383},"rotation":{"x":-0.10592277348041535,"y":0.6991283297538757,"z":-0.6991283297538757,"w":-0.10592277348041535}}/{"position":{"x":-28.375211715698243,"y":6.702539443969727,"z":6.856141567230225},"rotation":{"x":0.0016654424834996462,"y":0.7071048617362976,"z":-0.7071048617362976,"w":0.0016654424834996462}}/{"position":{"x":-28.375211715698243,"y":6.703943252563477,"z":6.856141090393066},"rotation":{"x":0.11470049619674683,"y":0.6977419257164002,"z":-0.6977419257164002,"w":0.11470049619674683}}/{"position":{"x":-28.375211715698243,"y":6.703963756561279,"z":6.856142044067383},"rotation":{"x":0.2975907325744629,"y":0.6414357423782349,"z":-0.6414357423782349,"w":0.2975907325744629}}/{"position":{"x":-28.375211715698243,"y":6.703962802886963,"z":6.856141090393066},"rotation":{"x":0.4651831388473511,"y":0.5325455069541931,"z":-0.5325455069541931,"w":0.4651831388473511}}/{"position":{"x":-28.544248580932618,"y":6.741457462310791,"z":6.720241069793701},"rotation":{"x":0.45953261852264407,"y":0.5405346155166626,"z":-0.5007503032684326,"w":0.49588438868522646}}/{"position":{"x":-28.02292823791504,"y":6.774066925048828,"z":6.5584397315979},"rotation":{"x":-0.6191800832748413,"y":-0.29329439997673037,"z":0.26968199014663699,"w":-0.6766579747200012}}/{"position":{"x":-28.175758361816408,"y":6.795978546142578,"z":7.072404384613037},"rotation":{"x":-0.6191800832748413,"y":-0.29329439997673037,"z":0.26968199014663699,"w":-0.6766579747200012}}/{"position":{"x":-28.777116775512697,"y":6.762564659118652,"z":7.147158145904541},"rotation":{"x":-0.6191800832748413,"y":-0.29329439997673037,"z":0.26968199014663699,"w":-0.6766579747200012}}/{"position":{"x":-28.82346534729004,"y":6.04367208480835,"z":6.760263919830322},"rotation":{"x":-0.6597119569778442,"y":-0.025579705834388734,"z":0.022527527064085008,"w":-0.7507452368736267}}/{"position":{"x":-28.139137268066408,"y":5.9253082275390629,"z":6.330626487731934},"rotation":{"x":0.587084949016571,"y":-0.16576071083545686,"z":0.12344346195459366,"w":0.7826982140541077}}/{"position":{"x":-27.99419593811035,"y":6.002366065979004,"z":6.981979846954346},"rotation":{"x":0.4794001877307892,"y":-0.4819917380809784,"z":0.3607330918312073,"w":0.6385382413864136}}/{"position":{"x":-28.776630401611329,"y":6.1879401206970219,"z":7.040783405303955},"rotation":{"x":-0.45829978585243227,"y":0.5390388369560242,"z":-0.5242034792900086,"w":-0.4739295542240143}}/