{"position":{"x":-0.29644817113876345,"y":8.377639770507813,"z":-0.4621717929840088},"rotation":{"x":-0.5324954986572266,"y":0.4568946063518524,"z":-0.42747756838798525,"w":-0.5700515508651733}}/{"position":{"x":-0.500873863697052,"y":8.385604858398438,"z":-0.43012529611587527},"rotation":{"x":0.6281278729438782,"y":-0.3197171688079834,"z":0.31623929738998415,"w":0.6350032687187195}}/{"position":{"x":-0.38364487886428835,"y":8.37531852722168,"z":-0.6376011371612549},"rotation":{"x":0.6519626379013062,"y":-0.20698608458042146,"z":0.1917070895433426,"w":0.70381098985672}}/{"position":{"x":-0.7356408834457398,"y":8.378776550292969,"z":-0.5030630826950073},"rotation":{"x":0.5786257982254028,"y":0.389624685049057,"z":-0.3659343719482422,"w":0.6160169839859009}}/{"position":{"x":-0.683325469493866,"y":8.379477500915528,"z":-0.5577148199081421},"rotation":{"x":-0.6334199905395508,"y":-0.27891117334365847,"z":0.26285138726234438,"w":-0.6722327470779419}}/{"position":{"x":-0.5328859090805054,"y":8.385818481445313,"z":-0.4080665111541748},"rotation":{"x":0.7027748227119446,"y":0.07815065234899521,"z":-0.07815065234899521,"w":0.7027748227119446}}/{"position":{"x":-0.532408595085144,"y":9.079774856567383,"z":-0.4069021940231323},"rotation":{"x":0.7046064138412476,"y":0.059412602335214618,"z":-0.059412602335214618,"w":0.7046064138412476}}/{"position":{"x":-0.5170379877090454,"y":9.078027725219727,"z":-0.511141836643219},"rotation":{"x":0.6965039968490601,"y":-0.052161216735839847,"z":0.050889432430267337,"w":0.7138429284095764}}/{"position":{"x":-0.4068136215209961,"y":9.073699951171875,"z":-0.5869282484054565},"rotation":{"x":-0.6570401787757874,"y":0.21748244762420655,"z":-0.20663204789161683,"w":-0.6915943622589111}}/{"position":{"x":-0.2625437378883362,"y":9.066198348999024,"z":-0.6057456731796265},"rotation":{"x":0.6063477993011475,"y":-0.3303753733634949,"z":0.30536752939224245,"w":0.6557020545005798}}/{"position":{"x":-0.28578421473503115,"y":9.072168350219727,"z":-0.4290260076522827},"rotation":{"x":-0.5051758885383606,"y":0.4921499490737915,"z":-0.46467605233192446,"w":-0.5354081988334656}}/{"position":{"x":-0.5087969899177551,"y":9.07924747467041,"z":-0.3971579372882843},"rotation":{"x":-0.37837347388267519,"y":0.5982979536056519,"z":-0.5948713421821594,"w":-0.38079023361206057}}/{"position":{"x":-0.5049171447753906,"y":9.079044342041016,"z":-0.3664381206035614},"rotation":{"x":-0.19348065555095673,"y":0.6835747361183167,"z":-0.675925612449646,"w":-0.19599857926368714}}/{"position":{"x":-0.7582167983055115,"y":9.080612182617188,"z":-0.3152933418750763},"rotation":{"x":-0.08708829432725907,"y":-0.7274031639099121,"z":0.6741406321525574,"w":-0.09399322420358658}}/{"position":{"x":-0.6626535654067993,"y":9.07124137878418,"z":-0.13805311918258668},"rotation":{"x":-0.14736348390579225,"y":-0.7294612526893616,"z":0.646943211555481,"w":-0.1662372350692749}}/{"position":{"x":-1.2967140674591065,"y":9.030888557434082,"z":-0.5150913596153259},"rotation":{"x":-0.4904593527317047,"y":-0.5037378072738648,"z":0.4462678134441376,"w":-0.5536631941795349}}/{"position":{"x":0.2918897569179535,"y":9.576562881469727,"z":-0.5946494936943054},"rotation":{"x":-0.7001668810844421,"y":0.09236279129981995,"z":-0.09237765520811081,"w":-0.7019272446632385}}/{"position":{"x":0.1944248229265213,"y":9.578072547912598,"z":0.0004122103564441204},"rotation":{"x":-0.7001668810844421,"y":0.09236279129981995,"z":-0.09237765520811081,"w":-0.7019272446632385}}/{"position":{"x":-0.09151656180620194,"y":9.576347351074219,"z":-0.7285318970680237},"rotation":{"x":-0.7001668810844421,"y":0.09236279129981995,"z":-0.09237765520811081,"w":-0.7019272446632385}}/{"position":{"x":-0.3795652687549591,"y":9.574930191040039,"z":-1.3338005542755128},"rotation":{"x":-0.7001668810844421,"y":0.09236279129981995,"z":-0.09237765520811081,"w":-0.7019272446632385}}/{"position":{"x":-0.21710070967674256,"y":9.149653434753418,"z":-0.8387634754180908},"rotation":{"x":-0.7001668810844421,"y":0.09236279129981995,"z":-0.09237765520811081,"w":-0.7019272446632385}}/{"position":{"x":0.295314759016037,"y":9.149405479431153,"z":-0.3752098083496094},"rotation":{"x":-0.7001668810844421,"y":0.09236279129981995,"z":-0.09237765520811081,"w":-0.7019272446632385}}/