{"position":{"x":-13.436971664428711,"y":6.718265533447266,"z":3.0013673305511476},"rotation":{"x":-0.09965557605028153,"y":0.7000491619110107,"z":-0.7000491619110107,"w":-0.09965557605028153}}/{"position":{"x":-13.43710994720459,"y":6.718259811401367,"z":3.000946044921875},"rotation":{"x":0.10011707246303559,"y":0.6999832987785339,"z":-0.6999832987785339,"w":0.10011707246303559}}/{"position":{"x":-13.43710994720459,"y":6.718259811401367,"z":3.000946283340454},"rotation":{"x":0.25794410705566409,"y":0.6583804488182068,"z":-0.6583804488182068,"w":0.25794410705566409}}/{"position":{"x":-13.438720703125,"y":6.718258857727051,"z":3.001448392868042},"rotation":{"x":0.43486103415489199,"y":0.5576556324958801,"z":-0.5572706460952759,"w":0.4351614713668823}}/{"position":{"x":-13.683923721313477,"y":6.704619884490967,"z":2.892086982727051},"rotation":{"x":-0.5807387232780457,"y":-0.38424476981163027,"z":0.36009514331817629,"w":-0.6208301782608032}}/{"position":{"x":-13.628230094909668,"y":6.705920696258545,"z":2.8600823879241945},"rotation":{"x":-0.6562049388885498,"y":-0.2154930830001831,"z":0.20384418964385987,"w":-0.6938338875770569}}/{"position":{"x":-13.516324043273926,"y":6.69722843170166,"z":2.7394704818725588},"rotation":{"x":0.6640244722366333,"y":-0.08058382570743561,"z":0.07212360948324204,"w":0.7398486137390137}}/{"position":{"x":-13.103859901428223,"y":6.676202774047852,"z":2.9390616416931154},"rotation":{"x":0.5529820919036865,"y":-0.4060356616973877,"z":0.3527742326259613,"w":0.6363145112991333}}/{"position":{"x":-13.115853309631348,"y":6.678381443023682,"z":3.1659369468688967},"rotation":{"x":0.3614943027496338,"y":-0.6290397644042969,"z":0.5508798956871033,"w":0.41250717639923098}}/{"position":{"x":-13.390402793884278,"y":7.225942611694336,"z":3.004579544067383},"rotation":{"x":-0.2645803391933441,"y":0.660406231880188,"z":-0.648833155632019,"w":-0.26995646953582766}}/{"position":{"x":-13.303732872009278,"y":7.217196941375732,"z":3.152981758117676},"rotation":{"x":0.19716845452785493,"y":-0.7044157981872559,"z":0.6472212672233582,"w":0.21454061567783357}}/{"position":{"x":-13.47996711730957,"y":7.198262691497803,"z":3.3475375175476076},"rotation":{"x":-0.04669087752699852,"y":-0.755533754825592,"z":0.65115886926651,"w":-0.054597407579422}}/{"position":{"x":-13.704604148864746,"y":7.209290981292725,"z":3.1885173320770265},"rotation":{"x":0.1328771561384201,"y":0.7207100987434387,"z":-0.665031373500824,"w":0.14371465146541596}}/{"position":{"x":-13.820767402648926,"y":7.206480026245117,"z":3.135871648788452},"rotation":{"x":-0.3063358962535858,"y":-0.6580072641372681,"z":0.599806010723114,"w":-0.3367752134799957}}/{"position":{"x":-13.919620513916016,"y":7.199900150299072,"z":3.0640079975128176},"rotation":{"x":0.41589608788490298,"y":0.5829528570175171,"z":-0.5181519389152527,"w":0.467669814825058}}/{"position":{"x":-13.950685501098633,"y":7.168893814086914,"z":2.621368885040283},"rotation":{"x":0.5958036184310913,"y":0.26742643117904665,"z":-0.21929216384887696,"w":0.7248531579971314}}/{"position":{"x":-13.131513595581055,"y":7.142821311950684,"z":2.678889751434326},"rotation":{"x":0.5750144124031067,"y":-0.334212988615036,"z":0.2769695222377777,"w":0.6935042142868042}}/{"position":{"x":-13.02600383758545,"y":8.287683486938477,"z":2.8559083938598635},"rotation":{"x":0.46985936164855959,"y":-0.5152303576469421,"z":0.411277711391449,"w":0.5870439410209656}}/{"position":{"x":-12.728985786437989,"y":8.265848159790039,"z":3.0828728675842287},"rotation":{"x":-0.3741603195667267,"y":0.6193471550941467,"z":-0.5410763621330261,"w":-0.4285435676574707}}/{"position":{"x":-13.587811470031739,"y":8.330061912536621,"z":3.293471097946167},"rotation":{"x":0.11333773285150528,"y":0.6982519626617432,"z":-0.6976615786552429,"w":0.11343362927436829}}/{"position":{"x":-13.92024040222168,"y":8.330074310302735,"z":3.133103370666504},"rotation":{"x":0.42212721705436709,"y":0.5672818422317505,"z":-0.5672818422317505,"w":0.42212721705436709}}/{"position":{"x":-13.777848243713379,"y":8.33007526397705,"z":2.334585428237915},"rotation":{"x":0.5157278180122376,"y":0.48376110196113589,"z":-0.48376110196113589,"w":0.5157278180122376}}/{"position":{"x":-12.243569374084473,"y":8.783409118652344,"z":3.4423818588256838},"rotation":{"x":0.5220692753791809,"y":0.4768737256526947,"z":-0.47650569677352908,"w":0.5224724411964417}}/{"position":{"x":-12.544855117797852,"y":8.785801887512207,"z":2.458338737487793},"rotation":{"x":0.2364405244588852,"y":0.6818445920944214,"z":-0.6461341977119446,"w":0.24838364124298097}}/{"position":{"x":-12.756575584411621,"y":8.758829116821289,"z":2.699655771255493},"rotation":{"x":-0.29745855927467348,"y":-0.6663830876350403,"z":0.5959436297416687,"w":-0.3351166546344757}}/{"position":{"x":-12.962961196899414,"y":8.730812072753907,"z":2.6771750450134279},"rotation":{"x":0.09521592408418656,"y":0.7302802205085754,"z":-0.6684456467628479,"w":0.10394778102636337}}/