{"position":{"x":-5.6920270919799809,"y":5.437325477600098,"z":0.9281133413314819},"rotation":{"x":-0.6436532139778137,"y":0.29171356558799746,"z":-0.29117169976234438,"w":-0.64485102891922}}/{"position":{"x":-5.694667339324951,"y":5.437358379364014,"z":0.9357202053070068},"rotation":{"x":-0.5590996742248535,"y":0.4328056871891022,"z":-0.43250688910484316,"w":-0.5594859719276428}}/{"position":{"x":-5.685527801513672,"y":5.437343597412109,"z":0.9402855634689331},"rotation":{"x":-0.3859471082687378,"y":0.5927695631980896,"z":-0.5915303826332092,"w":-0.38698962330818179}}/{"position":{"x":-5.697240352630615,"y":5.437358856201172,"z":0.9367862343788147},"rotation":{"x":-0.2382792979478836,"y":0.6657499670982361,"z":-0.6657499670982361,"w":-0.2382792979478836}}/{"position":{"x":-5.688709735870361,"y":5.4371843338012699,"z":0.9787411093711853},"rotation":{"x":-0.06529395282268524,"y":0.7069036960601807,"z":-0.7011973857879639,"w":-0.0659254789352417}}/{"position":{"x":-5.6976318359375,"y":5.437358856201172,"z":0.9370794892311096},"rotation":{"x":0.18432702124118806,"y":0.6826592087745667,"z":-0.6826592087745667,"w":0.18432702124118806}}/{"position":{"x":-5.735313415527344,"y":5.43716287612915,"z":0.9617557525634766},"rotation":{"x":0.33602961897850039,"y":0.6240638494491577,"z":-0.6186913251876831,"w":0.33889469504356387}}/{"position":{"x":-5.858023166656494,"y":5.434595108032227,"z":0.8786605596542358},"rotation":{"x":-0.565460741519928,"y":-0.41803959012031557,"z":0.40506935119628909,"w":-0.5843080282211304}}/{"position":{"x":-5.744697093963623,"y":5.4355974197387699,"z":0.8087908029556274},"rotation":{"x":-0.6869049072265625,"y":-0.1266796737909317,"z":0.12347134202718735,"w":-0.704889178276062}}/{"position":{"x":-5.5728559494018559,"y":5.435116291046143,"z":0.8462775349617004},"rotation":{"x":0.620936393737793,"y":-0.3253834545612335,"z":0.31601521372795107,"w":0.6392950415611267}}/{"position":{"x":-5.50373649597168,"y":5.4331865310668949,"z":1.0176652669906617},"rotation":{"x":0.3852367103099823,"y":-0.599382221698761,"z":0.5759494304656982,"w":0.4007691442966461}}/{"position":{"x":-5.725144863128662,"y":6.182818412780762,"z":0.9508298635482788},"rotation":{"x":0.4001230001449585,"y":-0.5925641059875488,"z":0.5510905385017395,"w":0.4301961660385132}}/{"position":{"x":-5.8184661865234379,"y":6.218245983123779,"z":0.9491282105445862},"rotation":{"x":-0.5239912867546082,"y":0.45582467317581179,"z":-0.3989393413066864,"w":-0.5987524390220642}}/{"position":{"x":-5.742580413818359,"y":6.220234394073486,"z":1.0150163173675538},"rotation":{"x":-0.584036111831665,"y":0.35434040427207949,"z":-0.3139837384223938,"w":-0.6593626141548157}}/{"position":{"x":-5.71842622756958,"y":6.404819488525391,"z":0.8763806223869324},"rotation":{"x":0.6531468033790588,"y":-0.17298555374145509,"z":0.15682142972946168,"w":0.7203349471092224}}/{"position":{"x":-5.971250534057617,"y":6.406313896179199,"z":0.8259638547897339},"rotation":{"x":-0.6725031137466431,"y":0.014478891156613827,"z":-0.013177771121263504,"w":-0.7398353219032288}}/