{"position":{"x":-24.92868995666504,"y":5.78694486618042,"z":5.854489326477051},"rotation":{"x":0.7038699984550476,"y":0.06758011132478714,"z":-0.06758011132478714,"w":0.7038699984550476}}/{"position":{"x":-24.92868995666504,"y":5.786944389343262,"z":5.854489803314209},"rotation":{"x":-0.7050442695617676,"y":0.05396854132413864,"z":-0.05396854132413864,"w":-0.7050442695617676}}/{"position":{"x":-24.92868995666504,"y":5.786944389343262,"z":5.854489803314209},"rotation":{"x":-0.6680281758308411,"y":0.23181545734405518,"z":-0.23181545734405518,"w":-0.6680281758308411}}/{"position":{"x":-24.92868995666504,"y":5.786944389343262,"z":5.854489803314209},"rotation":{"x":-0.5335014462471008,"y":0.4640864431858063,"z":-0.4640864431858063,"w":-0.5335014462471008}}/{"position":{"x":-24.812746047973634,"y":5.784515380859375,"z":5.915161609649658},"rotation":{"x":0.373519629240036,"y":-0.6075249314308167,"z":0.5847621560096741,"w":0.38658738136291506}}/{"position":{"x":-25.62157440185547,"y":5.791774272918701,"z":6.596298694610596},"rotation":{"x":-0.17907318472862245,"y":-0.7282385230064392,"z":0.6279356479644775,"w":-0.2080826759338379}}/{"position":{"x":-25.86751365661621,"y":5.908783435821533,"z":5.170825958251953},"rotation":{"x":-0.5252296924591065,"y":-0.4593687951564789,"z":0.4116984009742737,"w":-0.5861898064613342}}/{"position":{"x":-24.467544555664064,"y":6.057905197143555,"z":5.160046577453613},"rotation":{"x":-0.5252296924591065,"y":-0.4593687951564789,"z":0.4116984009742737,"w":-0.5861898064613342}}/{"position":{"x":-24.545305252075197,"y":6.743071556091309,"z":5.66604471206665},"rotation":{"x":-0.5252296924591065,"y":-0.4593687951564789,"z":0.4116984009742737,"w":-0.5861898064613342}}/{"position":{"x":-24.304534912109376,"y":6.738551139831543,"z":6.787741184234619},"rotation":{"x":-0.32759466767311098,"y":-0.628491222858429,"z":0.6233287453651428,"w":-0.3303661644458771}}/{"position":{"x":-25.727319717407228,"y":6.7274370193481449,"z":7.0752763748168949},"rotation":{"x":-0.32759466767311098,"y":-0.628491222858429,"z":0.6233287453651428,"w":-0.3303661644458771}}/{"position":{"x":-26.111186981201173,"y":6.752997398376465,"z":5.753829002380371},"rotation":{"x":0.10356073081493378,"y":0.7067331671714783,"z":-0.6919432878494263,"w":0.10496653616428375}}/{"position":{"x":-25.666772842407228,"y":7.352024078369141,"z":5.635848045349121},"rotation":{"x":0.10356073081493378,"y":0.7067331671714783,"z":-0.6919432878494263,"w":0.10496653616428375}}/{"position":{"x":-25.09404754638672,"y":7.355649948120117,"z":6.3595075607299809},"rotation":{"x":0.26226481795310976,"y":-0.6582949161529541,"z":0.6546118855476379,"w":0.2633407711982727}}/{"position":{"x":-24.935771942138673,"y":7.357618808746338,"z":5.759622573852539},"rotation":{"x":-0.5950301289558411,"y":0.3820198178291321,"z":-0.3820198178291321,"w":-0.5950301289558411}}/{"position":{"x":-24.936635971069337,"y":7.357620716094971,"z":5.757918357849121},"rotation":{"x":-0.675530195236206,"y":0.2084643840789795,"z":-0.2083626687526703,"w":-0.6758599281311035}}/{"position":{"x":-24.93755531311035,"y":7.357621669769287,"z":5.759084224700928},"rotation":{"x":0.7061107754707336,"y":0.03751756623387337,"z":-0.03751756623387337,"w":0.7061107754707336}}/{"position":{"x":-24.937564849853517,"y":7.357621192932129,"z":5.759112358093262},"rotation":{"x":0.6007854342460632,"y":0.37290331721305849,"z":-0.37290331721305849,"w":0.6007854342460632}}/