{"position":{"x":-22.169048309326173,"y":7.243854522705078,"z":5.3156609535217289},"rotation":{"x":0.7039763927459717,"y":0.06646274775266648,"z":-0.06646274775266648,"w":0.7039763927459717}}/{"position":{"x":-22.204349517822267,"y":7.243144989013672,"z":5.270556926727295},"rotation":{"x":-0.6599712371826172,"y":-0.23384955525398255,"z":0.22815299034118653,"w":-0.6765342950820923}}/{"position":{"x":-22.171377182006837,"y":7.243852615356445,"z":5.313800811767578},"rotation":{"x":0.6051649451255798,"y":0.3653714954853058,"z":-0.3649348020553589,"w":0.6058891415596008}}/{"position":{"x":-22.169124603271486,"y":7.243854522705078,"z":5.315637111663818},"rotation":{"x":0.4307766258716583,"y":0.5607419610023499,"z":-0.5607419610023499,"w":0.4307766258716583}}/{"position":{"x":-22.276456832885743,"y":7.747457504272461,"z":5.382185935974121},"rotation":{"x":0.33666858077049258,"y":0.6312317252159119,"z":-0.6035276055335999,"w":0.3520728647708893}}/{"position":{"x":-22.202001571655275,"y":7.750151634216309,"z":5.303552627563477},"rotation":{"x":0.5896648168563843,"y":0.3874903917312622,"z":-0.3822111487388611,"w":0.5967087149620056}}/{"position":{"x":-22.372621536254884,"y":7.735010147094727,"z":5.103724002838135},"rotation":{"x":-0.6184068918228149,"y":-0.28280749917030337,"z":0.2558416426181793,"w":-0.6871228814125061}}/{"position":{"x":-22.19548225402832,"y":7.749566555023193,"z":5.253744602203369},"rotation":{"x":0.6902244091033936,"y":0.11228729784488678,"z":-0.10815854370594025,"w":0.7066000699996948}}/{"position":{"x":-22.085927963256837,"y":7.741869926452637,"z":5.113317012786865},"rotation":{"x":0.6683909296989441,"y":-0.13176560401916505,"z":0.12029410153627396,"w":0.722094714641571}}/{"position":{"x":-22.005695343017579,"y":7.7453179359436039,"z":5.236441612243652},"rotation":{"x":0.6048629283905029,"y":-0.3308882415294647,"z":0.30315786600112917,"w":0.6578367352485657}}/{"position":{"x":-21.765039443969728,"y":7.7248992919921879,"z":5.553374290466309},"rotation":{"x":-0.4779392182826996,"y":0.5188262462615967,"z":-0.46279576420783999,"w":-0.5368552207946777}}/{"position":{"x":-21.97211456298828,"y":7.739548683166504,"z":5.7831830978393559},"rotation":{"x":0.32341137528419497,"y":-0.6385135054588318,"z":0.6112236380577087,"w":0.3378037214279175}}/{"position":{"x":-22.480260848999025,"y":7.800769805908203,"z":5.583980083465576},"rotation":{"x":0.6496694684028626,"y":-0.25042566657066347,"z":0.2375197559595108,"w":0.6773485541343689}}/{"position":{"x":-22.57621192932129,"y":7.788762092590332,"z":5.016948699951172},"rotation":{"x":-0.37060442566871645,"y":0.6044988632202148,"z":-0.5940752625465393,"w":-0.37987905740737917}}/{"position":{"x":-22.172954559326173,"y":8.414907455444336,"z":5.403116703033447},"rotation":{"x":-0.32914578914642336,"y":0.6270979046821594,"z":-0.6222826242446899,"w":-0.3334302604198456}}/{"position":{"x":-22.202199935913087,"y":8.415061950683594,"z":5.392488479614258},"rotation":{"x":0.032376643270254138,"y":0.706365168094635,"z":-0.706365168094635,"w":0.032376643270254138}}/{"position":{"x":-22.24230194091797,"y":8.414786338806153,"z":5.410046577453613},"rotation":{"x":-0.37216678261756899,"y":-0.6033944487571716,"z":0.5959662199020386,"w":-0.377135694026947}}/{"position":{"x":-22.83294677734375,"y":8.356758117675782,"z":5.347564697265625},"rotation":{"x":-0.4656984508037567,"y":-0.5259989500045776,"z":0.437786728143692,"w":-0.5610640645027161}}/{"position":{"x":-22.52986717224121,"y":8.381378173828125,"z":5.039376735687256},"rotation":{"x":0.6106379628181458,"y":0.2758064866065979,"z":-0.2397317886352539,"w":0.7025530934333801}}/{"position":{"x":-21.751277923583986,"y":8.452341079711914,"z":5.204031467437744},"rotation":{"x":0.5036652684211731,"y":0.4792245030403137,"z":-0.40498587489128115,"w":0.5938448309898377}}/