{"position":{"x":-17.883132934570314,"y":6.924410343170166,"z":3.9471840858459474},"rotation":{"x":-0.0724014937877655,"y":0.70339035987854,"z":-0.70339035987854,"w":-0.0724014937877655}}/{"position":{"x":-17.8831729888916,"y":6.924410343170166,"z":3.94736385345459},"rotation":{"x":0.1096382811665535,"y":0.6985552906990051,"z":-0.6985552906990051,"w":0.1096382811665535}}/{"position":{"x":-17.883113861083986,"y":6.924410343170166,"z":3.9471192359924318},"rotation":{"x":0.2561011016368866,"y":0.6591961979866028,"z":-0.6589686274528503,"w":0.2561895549297333}}/{"position":{"x":-17.88311195373535,"y":6.924410343170166,"z":3.9471168518066408},"rotation":{"x":0.4163456857204437,"y":0.5715385675430298,"z":-0.5715385675430298,"w":0.4163456857204437}}/{"position":{"x":-18.14546775817871,"y":6.904829978942871,"z":3.86551570892334},"rotation":{"x":-0.5270013213157654,"y":-0.44856539368629458,"z":0.38905590772628786,"w":-0.6080248951911926}}/{"position":{"x":-18.023977279663087,"y":6.897454738616943,"z":3.6574926376342775},"rotation":{"x":-0.6287650465965271,"y":-0.17295047640800477,"z":0.1467696875333786,"w":-0.7437750697135925}}/{"position":{"x":-17.726964950561525,"y":6.9129204750061039,"z":3.8056650161743166},"rotation":{"x":-0.6028745174407959,"y":0.31628790497779848,"z":-0.28676044940948489,"w":-0.6739976406097412}}/{"position":{"x":-17.5504150390625,"y":6.894252777099609,"z":4.019652366638184},"rotation":{"x":0.4047693610191345,"y":-0.5957188010215759,"z":0.4982855021953583,"w":0.4826928973197937}}/{"position":{"x":-17.667922973632814,"y":6.881391525268555,"z":4.291407585144043},"rotation":{"x":0.1750568151473999,"y":-0.7471316456794739,"z":0.603803277015686,"w":0.21580326557159425}}/{"position":{"x":-17.88311004638672,"y":7.332635879516602,"z":3.947145700454712},"rotation":{"x":-0.026402095332741739,"y":0.7066137194633484,"z":-0.7066137194633484,"w":-0.026402095332741739}}/{"position":{"x":-17.882333755493165,"y":7.332635402679443,"z":3.94840145111084},"rotation":{"x":-0.24665716290473939,"y":0.6628309488296509,"z":-0.6625075340270996,"w":-0.24677756428718568}}/{"position":{"x":-17.883089065551759,"y":7.332635402679443,"z":3.9471356868743898},"rotation":{"x":-0.46226966381073,"y":0.535076379776001,"z":-0.535076379776001,"w":-0.46226966381073}}/{"position":{"x":-17.88311004638672,"y":7.332635402679443,"z":3.947117328643799},"rotation":{"x":-0.5950796604156494,"y":0.38194265961647036,"z":-0.38194265961647036,"w":-0.5950796604156494}}/{"position":{"x":-17.806047439575197,"y":7.329668045043945,"z":3.857814073562622},"rotation":{"x":0.6467567682266235,"y":-0.2503405809402466,"z":0.23782996833324433,"w":0.680053174495697}}/{"position":{"x":-17.795230865478517,"y":7.774173736572266,"z":3.830118179321289},"rotation":{"x":-0.6529231667518616,"y":0.22963619232177735,"z":-0.21789656579494477,"w":-0.688098669052124}}/{"position":{"x":-17.87758445739746,"y":7.77801513671875,"z":3.943497657775879},"rotation":{"x":-0.5588953495025635,"y":0.43242865800857546,"z":-0.4318867027759552,"w":-0.5604599714279175}}/{"position":{"x":-17.7448787689209,"y":7.770236015319824,"z":4.103002071380615},"rotation":{"x":0.2535310387611389,"y":-0.680916428565979,"z":0.6312072277069092,"w":0.2713894844055176}}/{"position":{"x":-18.35413932800293,"y":7.713566780090332,"z":4.4095892906188969},"rotation":{"x":0.13756519556045533,"y":0.746782660484314,"z":-0.6302037239074707,"w":0.16197185218334199}}/{"position":{"x":-17.33515167236328,"y":7.721229553222656,"z":4.1781415939331059},"rotation":{"x":-0.3596647381782532,"y":0.608871579170227,"z":-0.6086613535881043,"w":-0.3597889542579651}}/{"position":{"x":-17.735708236694337,"y":7.721331596374512,"z":3.4373719692230226},"rotation":{"x":-0.607683002948761,"y":0.36155420541763308,"z":-0.36155420541763308,"w":-0.607683002948761}}/{"position":{"x":-18.992589950561525,"y":7.721331596374512,"z":3.385802984237671},"rotation":{"x":-0.607683002948761,"y":0.36155420541763308,"z":-0.36155420541763308,"w":-0.607683002948761}}/{"position":{"x":-18.562341690063478,"y":7.721390724182129,"z":4.1697893142700199},"rotation":{"x":-0.6734411120414734,"y":0.21558547019958497,"z":-0.21558547019958497,"w":-0.6734411120414734}}/