{"position":{"x":-9.580180168151856,"y":6.842559814453125,"z":1.8855339288711548},"rotation":{"x":0.08758369833230972,"y":-0.7042431235313416,"z":0.6989896893501282,"w":0.08822822570800781}}/{"position":{"x":-9.585752487182618,"y":6.842647075653076,"z":1.8631492853164673},"rotation":{"x":-0.19803090393543244,"y":0.6788105368614197,"z":-0.6788105368614197,"w":-0.19803090393543244}}/{"position":{"x":-9.584078788757325,"y":6.842646598815918,"z":1.8644170761108399},"rotation":{"x":-0.31168338656425478,"y":0.634851336479187,"z":-0.6344717741012573,"w":-0.31186985969543459}}/{"position":{"x":-9.58028507232666,"y":6.842641830444336,"z":1.8646429777145386},"rotation":{"x":-0.43986213207244875,"y":0.5538354516029358,"z":-0.5527890920639038,"w":-0.4406947195529938}}/{"position":{"x":-9.5858154296875,"y":6.842647075653076,"z":1.862885594367981},"rotation":{"x":-0.5610749125480652,"y":0.43034282326698305,"z":-0.43034282326698305,"w":-0.5610749125480652}}/{"position":{"x":-9.580307006835938,"y":6.842635154724121,"z":1.8563134670257569},"rotation":{"x":0.6632152199745178,"y":-0.2431245893239975,"z":0.24245890974998475,"w":0.665018618106842}}/{"position":{"x":-9.585272789001465,"y":6.842646598815918,"z":1.861246109008789},"rotation":{"x":-0.698619544506073,"y":0.10815802216529846,"z":-0.10810524970293045,"w":-0.6989606022834778}}/{"position":{"x":-9.384512901306153,"y":6.83013391494751,"z":1.781721830368042},"rotation":{"x":-0.6660067439079285,"y":0.2248477190732956,"z":-0.2217266708612442,"w":-0.675807535648346}}/{"position":{"x":-9.245624542236329,"y":6.826045989990234,"z":1.807186245918274},"rotation":{"x":0.5045926570892334,"y":-0.49354511499404909,"z":0.4677477777004242,"w":0.5319883227348328}}/{"position":{"x":-9.339431762695313,"y":6.8120574951171879,"z":2.1491355895996095},"rotation":{"x":-0.07032608240842819,"y":0.7403030395507813,"z":-0.6639466881752014,"w":-0.07861623913049698}}/{"position":{"x":-9.574466705322266,"y":6.796858787536621,"z":2.24497127532959},"rotation":{"x":-0.11763698607683182,"y":-0.7446555495262146,"z":0.642633855342865,"w":-0.13664314150810243}}/{"position":{"x":-9.788387298583985,"y":6.793015480041504,"z":2.0208213329315187},"rotation":{"x":-0.2842613160610199,"y":-0.6573389172554016,"z":0.6322631239891052,"w":-0.29554104804992678}}/{"position":{"x":-9.857795715332032,"y":6.791026592254639,"z":1.97854483127594},"rotation":{"x":-0.41824328899383547,"y":-0.575498104095459,"z":0.5465323328971863,"w":-0.44178834557533266}}/{"position":{"x":-9.944668769836426,"y":6.780141830444336,"z":1.756470799446106},"rotation":{"x":-0.5985562801361084,"y":-0.33506929874420168,"z":0.3039526045322418,"w":-0.6611140966415405}}/{"position":{"x":-9.59243392944336,"y":7.333685874938965,"z":1.8539270162582398},"rotation":{"x":0.6030985713005066,"y":0.32612064480781557,"z":-0.2956649661064148,"w":0.6652064919471741}}/{"position":{"x":-9.368782997131348,"y":7.343832015991211,"z":1.8490440845489503},"rotation":{"x":0.6794045567512512,"y":0.08843675255775452,"z":-0.08256300538778305,"w":0.7237207889556885}}/{"position":{"x":-9.31026840209961,"y":7.351106643676758,"z":2.068265914916992},"rotation":{"x":-0.6835389733314514,"y":0.1798592209815979,"z":-0.17968367040157319,"w":-0.6842068433761597}}/{"position":{"x":-9.268625259399414,"y":7.350856781005859,"z":2.0670361518859865},"rotation":{"x":-0.5076597929000855,"y":0.4915579855442047,"z":-0.48622551560401919,"w":-0.5140399932861328}}/{"position":{"x":-9.248245239257813,"y":7.3409318923950199,"z":2.336435556411743},"rotation":{"x":0.08549462258815766,"y":-0.7273472547531128,"z":0.6747883558273315,"w":0.09119990468025208}}/{"position":{"x":-9.674622535705567,"y":7.771320343017578,"z":2.7024600505828859},"rotation":{"x":0.04078758507966995,"y":-0.7840307950973511,"z":0.6172152757644653,"w":0.05174485966563225}}/{"position":{"x":-10.091068267822266,"y":7.850786209106445,"z":2.2035834789276125},"rotation":{"x":0.18045321106910706,"y":0.7236353158950806,"z":-0.6334931254386902,"w":0.20609469711780549}}/{"position":{"x":-9.84460735321045,"y":7.886845588684082,"z":1.771938681602478},"rotation":{"x":0.3356870412826538,"y":0.6256808638572693,"z":-0.6170641183853149,"w":0.3392191231250763}}/{"position":{"x":-10.184231758117676,"y":7.864317417144775,"z":1.407806396484375},"rotation":{"x":-0.6203811168670654,"y":-0.30612337589263918,"z":0.29153499007225039,"w":-0.6606232523918152}}/{"position":{"x":-9.099955558776856,"y":7.908633232116699,"z":1.5986279249191285},"rotation":{"x":0.7040777206420898,"y":0.02691776491701603,"z":-0.025700459256768228,"w":0.709147036075592}}/