{"position":{"x":-0.46507278084754946,"y":6.527008533477783,"z":-0.39823853969573977},"rotation":{"x":0.4667798578739166,"y":0.5312013626098633,"z":-0.5307163596153259,"w":0.4672064483165741}}/{"position":{"x":-0.4651971459388733,"y":6.659903526306152,"z":-0.39822205901145937},"rotation":{"x":0.4667798578739166,"y":0.5312013626098633,"z":-0.5307163596153259,"w":0.4672064483165741}}/{"position":{"x":-0.46533849835395815,"y":6.8109588623046879,"z":-0.3982033133506775},"rotation":{"x":0.4667798578739166,"y":0.5312013626098633,"z":-0.5307163596153259,"w":0.4672064483165741}}/{"position":{"x":-0.4655098021030426,"y":6.993984222412109,"z":-0.39818060398101809},"rotation":{"x":0.4667798578739166,"y":0.5312013626098633,"z":-0.5307163596153259,"w":0.4672064483165741}}/{"position":{"x":-0.46422243118286135,"y":6.99418830871582,"z":-0.39835116267204287},"rotation":{"x":0.30174511671066286,"y":0.6394919157028198,"z":-0.6394919157028198,"w":0.30174511671066286}}/{"position":{"x":-0.46422243118286135,"y":6.809860706329346,"z":-0.39835116267204287},"rotation":{"x":0.30174511671066286,"y":0.6394919157028198,"z":-0.6394919157028198,"w":0.30174511671066286}}/{"position":{"x":-0.46422243118286135,"y":6.6133198738098148,"z":-0.39835119247436526},"rotation":{"x":0.30174511671066286,"y":0.6394919157028198,"z":-0.6394919157028198,"w":0.30174511671066286}}/{"position":{"x":-0.318592369556427,"y":6.60015869140625,"z":-0.3251698613166809},"rotation":{"x":-0.3928902745246887,"y":0.6048704981803894,"z":-0.522078812122345,"w":-0.4551950991153717}}/{"position":{"x":-0.2981099784374237,"y":6.744448661804199,"z":-0.31926819682121279},"rotation":{"x":-0.3928902745246887,"y":0.6048704981803894,"z":-0.522078812122345,"w":-0.4551950991153717}}/{"position":{"x":-0.2740600109100342,"y":6.913870811462402,"z":-0.31233856081962588},"rotation":{"x":-0.3928902745246887,"y":0.6048704981803894,"z":-0.522078812122345,"w":-0.4551950991153717}}/{"position":{"x":-0.458252876996994,"y":6.5639753341674809,"z":-0.3654254674911499},"rotation":{"x":-0.6041688919067383,"y":0.36739617586135867,"z":-0.36739617586135867,"w":-0.6041688919067383}}/{"position":{"x":-0.4582502543926239,"y":6.7117791175842289,"z":-0.3654269874095917},"rotation":{"x":-0.6041688919067383,"y":0.36739617586135867,"z":-0.36739617586135867,"w":-0.6041688919067383}}/{"position":{"x":-0.4578072130680084,"y":6.712655067443848,"z":-0.3657866418361664},"rotation":{"x":-0.6388078331947327,"y":0.30293580889701846,"z":-0.30278798937797549,"w":-0.6391196846961975}}/{"position":{"x":-0.4578714370727539,"y":6.560401916503906,"z":-0.36573514342308047},"rotation":{"x":-0.6388078331947327,"y":0.30293580889701846,"z":-0.30278798937797549,"w":-0.6391196846961975}}/{"position":{"x":-0.45823776721954348,"y":7.219690799713135,"z":-0.36544716358184817},"rotation":{"x":-0.663663923740387,"y":0.24402907490730287,"z":-0.24402907490730287,"w":-0.663663923740387}}/{"position":{"x":-0.4582425057888031,"y":6.98137903213501,"z":-0.3654424846172333},"rotation":{"x":-0.663663923740387,"y":0.24402907490730287,"z":-0.24402907490730287,"w":-0.663663923740387}}/{"position":{"x":-0.45826956629753115,"y":7.089850425720215,"z":-0.36541566252708437},"rotation":{"x":-0.7065142393112183,"y":0.028941510245203973,"z":-0.028941510245203973,"w":-0.7065142393112183}}/{"position":{"x":-0.45826956629753115,"y":7.288495063781738,"z":-0.36541566252708437},"rotation":{"x":-0.7065142393112183,"y":0.028941510245203973,"z":-0.028941510245203973,"w":-0.7065142393112183}}/{"position":{"x":-0.4582695960998535,"y":6.653050422668457,"z":-0.36541563272476199},"rotation":{"x":-0.7065142393112183,"y":0.028941510245203973,"z":-0.028941510245203973,"w":-0.7065142393112183}}/{"position":{"x":-0.45827174186706545,"y":6.652358055114746,"z":-0.36541804671287539},"rotation":{"x":0.6305370926856995,"y":0.3200359046459198,"z":-0.3200359046459198,"w":0.6305370926856995}}/{"position":{"x":-0.4582720100879669,"y":6.783022403717041,"z":-0.36541837453842165},"rotation":{"x":0.6305370926856995,"y":0.3200359046459198,"z":-0.3200359046459198,"w":0.6305370926856995}}/{"position":{"x":-0.45827239751815798,"y":6.9659881591796879,"z":-0.36541879177093508},"rotation":{"x":0.6305370926856995,"y":0.3200359046459198,"z":-0.3200359046459198,"w":0.6305370926856995}}/{"position":{"x":-0.4582696557044983,"y":6.971978187561035,"z":-0.3654155135154724},"rotation":{"x":0.5404311418533325,"y":0.4559980034828186,"z":-0.4559980034828186,"w":0.5404311418533325}}/{"position":{"x":-0.4582696557044983,"y":6.801430702209473,"z":-0.3654155433177948},"rotation":{"x":0.5404311418533325,"y":0.4559980034828186,"z":-0.4559980034828186,"w":0.5404311418533325}}/{"position":{"x":-0.4582696557044983,"y":6.628258228302002,"z":-0.3654155433177948},"rotation":{"x":0.5404311418533325,"y":0.4559980034828186,"z":-0.4559980034828186,"w":0.5404311418533325}}/{"position":{"x":-0.46141377091407778,"y":7.207375526428223,"z":-0.3650049865245819},"rotation":{"x":0.4542103111743927,"y":0.5420905351638794,"z":-0.5410328507423401,"w":0.4550982713699341}}/{"position":{"x":-0.46188628673553469,"y":7.446508884429932,"z":-0.364943265914917},"rotation":{"x":0.4542103111743927,"y":0.5420905351638794,"z":-0.5410328507423401,"w":0.4550982713699341}}/{"position":{"x":-0.4589371383190155,"y":7.708812713623047,"z":-0.36532628536224368},"rotation":{"x":0.453240305185318,"y":0.5427460670471191,"z":-0.5427460670471191,"w":0.453240305185318}}/{"position":{"x":-0.4582696557044983,"y":7.696255207061768,"z":-0.36541566252708437},"rotation":{"x":0.5494012832641602,"y":0.44514966011047366,"z":-0.44514966011047366,"w":0.5494012832641602}}/{"position":{"x":-0.4582696557044983,"y":7.394252300262451,"z":-0.36541566252708437},"rotation":{"x":0.5494012832641602,"y":0.44514966011047366,"z":-0.44514966011047366,"w":0.5494012832641602}}/{"position":{"x":-0.4582696557044983,"y":7.102919101715088,"z":-0.36541563272476199},"rotation":{"x":0.5494012832641602,"y":0.44514966011047366,"z":-0.44514966011047366,"w":0.5494012832641602}}/{"position":{"x":-0.4582696557044983,"y":7.074517250061035,"z":-0.3654156029224396},"rotation":{"x":0.6395201683044434,"y":0.3016851842403412,"z":-0.3016851842403412,"w":0.6395201683044434}}/{"position":{"x":-0.4582696557044983,"y":7.22920036315918,"z":-0.3654156029224396},"rotation":{"x":0.6395201683044434,"y":0.3016851842403412,"z":-0.3016851842403412,"w":0.6395201683044434}}/{"position":{"x":-0.4582696557044983,"y":7.459470272064209,"z":-0.3654156029224396},"rotation":{"x":0.6395201683044434,"y":0.3016851842403412,"z":-0.3016851842403412,"w":0.6395201683044434}}/{"position":{"x":-0.4582696557044983,"y":7.471641540527344,"z":-0.36541545391082766},"rotation":{"x":0.7027512788772583,"y":0.07836256176233292,"z":-0.07836256176233292,"w":0.7027512788772583}}/{"position":{"x":-0.4582696557044983,"y":7.200798034667969,"z":-0.36541548371315},"rotation":{"x":0.7027512788772583,"y":0.07836256176233292,"z":-0.07836256176233292,"w":0.7027512788772583}}/{"position":{"x":-0.4582696557044983,"y":6.947667598724365,"z":-0.36541548371315},"rotation":{"x":0.7027512788772583,"y":0.07836256176233292,"z":-0.07836256176233292,"w":0.7027512788772583}}/{"position":{"x":-0.4563843905925751,"y":6.910289764404297,"z":-0.3689911663532257},"rotation":{"x":0.6859551668167114,"y":-0.1676294505596161,"z":0.16709713637828828,"w":0.6880729794502258}}/{"position":{"x":-0.45607489347457888,"y":7.122726917266846,"z":-0.36957812309265139},"rotation":{"x":0.6859551668167114,"y":-0.1676294505596161,"z":0.16709713637828828,"w":0.6880729794502258}}/{"position":{"x":-0.4557589888572693,"y":7.339588642120361,"z":-0.370177298784256},"rotation":{"x":0.6859551668167114,"y":-0.1676294505596161,"z":0.16709713637828828,"w":0.6880729794502258}}/{"position":{"x":-0.4531230926513672,"y":7.3404765129089359,"z":-0.3691011071205139},"rotation":{"x":-0.6277998685836792,"y":0.3237411081790924,"z":-0.3225654363632202,"w":-0.6300877332687378}}/{"position":{"x":-0.45410245656967165,"y":7.012354850769043,