{"position":{"x":-1.512444019317627,"y":3.5151617527008058,"z":0.1840955764055252},"rotation":{"x":0.0289735309779644,"y":0.8500667214393616,"z":-0.04691461846232414,"w":0.5237807035446167}}/{"position":{"x":-1.1376004219055176,"y":3.9005188941955568,"z":-0.16176515817642213},"rotation":{"x":-0.12288323789834976,"y":-0.6694608926773071,"z":0.11408229172229767,"w":-0.7236760854721069}}/{"position":{"x":-1.0306769609451295,"y":3.819387197494507,"z":-0.9056628346443176},"rotation":{"x":-0.12288323789834976,"y":-0.6694608926773071,"z":0.11408229172229767,"w":-0.7236760854721069}}/{"position":{"x":-1.1447105407714844,"y":3.471747398376465,"z":-2.4101412296295168},"rotation":{"x":-0.14439953863620759,"y":-0.4982163608074188,"z":0.0849514827132225,"w":-0.8507129549980164}}/{"position":{"x":-1.4201760292053223,"y":3.521864175796509,"z":-1.9501030445098878},"rotation":{"x":0.1146426573395729,"y":0.7155789136886597,"z":-0.12087024003267288,"w":0.6783762574195862}}/{"position":{"x":-1.4198602437973023,"y":3.6494295597076418,"z":-2.7762839794158937},"rotation":{"x":0.1146426573395729,"y":0.7155789136886597,"z":-0.12087024003267288,"w":0.6783762574195862}}/{"position":{"x":-1.1222808361053467,"y":3.617274284362793,"z":-3.2868974208831789},"rotation":{"x":-0.1532769650220871,"y":-0.3305470645427704,"z":0.05707702040672302,"w":-0.9295090436935425}}/{"position":{"x":-0.49632760882377627,"y":3.5907464027404787,"z":-3.281554937362671},"rotation":{"x":0.1278878003358841,"y":-0.34879177808761599,"z":0.04777521640062332,"w":0.9272036552429199}}/{"position":{"x":-0.20650166273117066,"y":3.3491711616516115,"z":-2.2014737129211427},"rotation":{"x":0.08337550610303879,"y":-0.6978522539138794,"z":0.08141598105430603,"w":0.7066980600357056}}/{"position":{"x":-0.18504154682159425,"y":3.749776601791382,"z":-0.9561269283294678},"rotation":{"x":0.08337550610303879,"y":-0.6978522539138794,"z":0.08141598105430603,"w":0.7066980600357056}}/{"position":{"x":0.24050527811050416,"y":3.6791605949401857,"z":-0.43660008907318118},"rotation":{"x":0.08337550610303879,"y":-0.6978522539138794,"z":0.08141598105430603,"w":0.7066980600357056}}/{"position":{"x":0.21503794193267823,"y":3.8242363929748537,"z":0.26897022128105166},"rotation":{"x":0.08337550610303879,"y":-0.6978522539138794,"z":0.08141598105430603,"w":0.7066980600357056}}/{"position":{"x":0.1519179344177246,"y":3.414551019668579,"z":0.9033675193786621},"rotation":{"x":-0.052683643996715549,"y":0.5887317657470703,"z":-0.039361245930194858,"w":-0.8056488633155823}}/{"position":{"x":0.28941720724105837,"y":3.423464059829712,"z":1.572556734085083},"rotation":{"x":-0.07862206548452378,"y":0.7249932289123535,"z":-0.08548747003078461,"w":-0.6788926720619202}}/{"position":{"x":0.34790727496147158,"y":3.4545257091522219,"z":2.110368490219116},"rotation":{"x":-0.08291957527399063,"y":0.8397763967514038,"z":-0.1388869732618332,"w":-0.5182763934135437}}/{"position":{"x":0.24921396374702454,"y":3.4898595809936525,"z":2.4952917098999025},"rotation":{"x":0.043208047747612,"y":-0.9397165775299072,"z":0.12079383432865143,"w":0.3169774115085602}}/{"position":{"x":-0.9413130283355713,"y":3.527750253677368,"z":2.327716588973999},"rotation":{"x":0.06416560709476471,"y":0.9072669744491577,"z":-0.14893199503421784,"w":0.38803184032440188}}/{"position":{"x":-1.3091789484024048,"y":3.2809860706329347,"z":1.5248271226882935},"rotation":{"x":-0.05337822437286377,"y":-0.7969233393669128,"z":0.07331982254981995,"w":-0.5972337126731873}}/